INSERT INTO users(id, email, password, display_name, create_at) VALUES (1, 'abc@test.com', 'password', 'name abc', NOW());
INSERT INTO users(id, email, password, display_name, create_at) VALUES (2, 'def@test.com', 'password', 'name def', NOW());
INSERT INTO users(id, email, password, display_name, create_at) VALUES (3, 'ghi@test.com', 'password', 'name ghj', NOW());

INSERT INTO post_category(id, category, group_name, depth, parent_id) VALUES (0, '식품', '식품', 0, null),
                                                                             (1, '홈인테리어', '홈인테리어', 0, null),
                                                                             (2, '과일', '식품', 1, 0),
                                                                             (3, '채소', '식품', 1, 0),
                                                                             (4, '봄침구샵', '홈인테리어', 1, 1),
                                                                             (5, '싱글하우스', '홈인테리어', 1, 1),
                                                                             (6, '홈데코', '홈인테리어', 1, 1),
                                                                             (7, '사과/배', '식품', 2, 2),
                                                                             (8, '키위/참다래', '식품', 2, 2),
                                                                             (9, '과일선물세트', '식품', 2, 2),
                                                                             (10, '침구커버', '홈인테리어', 2, 4),
                                                                             (11, '실내공기정화', '홈인테리어', 2, 4),
                                                                             (12, '시계', '홈인테리어', 2, 6),
                                                                             (13, '벽걸이시계', '홈인테리어', 3, 12);

INSERT INTO posts(id, writer, category_id, title, content, views, create_at, update_at) VALUES (2, 1, 0, 'title2', 'content2', 190, NOW(), NOW()),
                                                                                               (3, 3, 2, 'title3', 'content3', 120, NOW(), NOW()),
                                                                                               (4, 3, 3, 'title4', 'content4', 323, NOW(), NOW()),
                                                                                               (5, 3, 4, 'title5', 'content5', 31, NOW(), NOW()),
                                                                                               (6, 1, 5, 'title6', 'content6', 330, NOW(), NOW()),
                                                                                               (7, 2, 6, 'title7', 'content7', 4, NOW(), NOW()),
                                                                                               (8, 2, 7, 'title8', 'content8', 209, NOW(), NOW()),
                                                                                               (9, 2, 8, 'title9', 'content9', 8, NOW(), NOW()),
                                                                                               (10, 3, 9, 'title10', 'content10', 55, NOW(), NOW()),
                                                                                               (11, 3, 10, 'title11', 'content11', 9, NOW(), NOW()),
                                                                                               (12, 2, 11, 'title12', 'content12', 426, NOW(), NOW()),
                                                                                               (13, 1, 12, 'title13', 'content13', 143, NOW(), NOW()),
                                                                                               (14, 3, 13, 'title14', 'content14', 0, NOW(), NOW()),
                                                                                               (15, 3, 0, 'title15', 'content15', 8, NOW(), NOW()),
                                                                                               (16, 1, 1, 'title16', 'content16', 29, NOW(), NOW()),
                                                                                               (17, 2, 2, 'title17', 'content17', 206, NOW(), NOW()),
                                                                                               (18, 2, 3, 'title18', 'content18', 32, NOW(), NOW()),
                                                                                               (19, 1, 4, 'title19', 'content19', 30, NOW(), NOW()),
                                                                                               (20, 3, 5, 'title20', 'content20', 298, NOW(), NOW()),
                                                                                               (21, 1, 6, 'title21', 'content21', 2, NOW(), NOW()),
                                                                                               (22, 2, 7, 'title22', 'content22', 227, NOW(), NOW()),
                                                                                               (23, 3, 8, 'title23', 'content23', 219, NOW(), NOW()),
                                                                                               (24, 1, 9, 'title24', 'content24', 272, NOW(), NOW()),
                                                                                               (25, 1, 10, 'title25', 'content25', 2, NOW(), NOW()),
                                                                                               (26, 3, 11, 'title26', 'content26', 7, NOW(), NOW()),
                                                                                               (27, 1, 12, 'title27', 'content27', 116, NOW(), NOW()),
                                                                                               (28, 1, 13, 'title28', 'content28', 504, NOW(), NOW()),
                                                                                               (29, 1, 0, 'title29', 'content29', 280, NOW(), NOW()),
                                                                                               (30, 2, 1, 'title30', 'content30', 13, NOW(), NOW()),
                                                                                               (31, 3, 2, 'title31', 'content31', 204, NOW(), NOW()),
                                                                                               (32, 1, 3, 'title32', 'content32', 80, NOW(), NOW()),
                                                                                               (33, 3, 4, 'title33', 'content33', 86, NOW(), NOW()),
                                                                                               (34, 1, 5, 'title34', 'content34', 167, NOW(), NOW()),
                                                                                               (35, 1, 6, 'title35', 'content35', 90, NOW(), NOW()),
                                                                                               (36, 3, 7, 'title36', 'content36', 275, NOW(), NOW()),
                                                                                               (37, 2, 8, 'title37', 'content37', 66, NOW(), NOW()),
                                                                                               (38, 2, 9, 'title38', 'content38', 24, NOW(), NOW()),
                                                                                               (39, 2, 10, 'title39', 'content39', 1, NOW(), NOW()),
                                                                                               (40, 3, 11, 'title40', 'content40', 2, NOW(), NOW()),
                                                                                               (41, 3, 12, 'title41', 'content41', 5, NOW(), NOW()),
                                                                                               (42, 2, 13, 'title42', 'content42', 26, NOW(), NOW()),
                                                                                               (43, 2, 0, 'title43', 'content43', 208, NOW(), NOW()),
                                                                                               (44, 2, 1, 'title44', 'content44', 82, NOW(), NOW()),
                                                                                               (45, 2, 2, 'title45', 'content45', 6, NOW(), NOW()),
                                                                                               (46, 3, 3, 'title46', 'content46', 0, NOW(), NOW()),
                                                                                               (47, 1, 4, 'title47', 'content47', 168, NOW(), NOW()),
                                                                                               (48, 1, 5, 'title48', 'content48', 137, NOW(), NOW()),
                                                                                               (49, 2, 6, 'title49', 'content49', 282, NOW(), NOW()),
                                                                                               (50, 2, 7, 'title50', 'content50', 1, NOW(), NOW()),
                                                                                               (51, 3, 8, 'title51', 'content51', 136, NOW(), NOW()),
                                                                                               (52, 1, 9, 'title52', 'content52', 240, NOW(), NOW()),
                                                                                               (53, 1, 10, 'title53', 'content53', 19, NOW(), NOW()),
                                                                                               (54, 3, 11, 'title54', 'content54', 725, NOW(), NOW()),
                                                                                               (55, 1, 12, 'title55', 'content55', 0, NOW(), NOW()),
                                                                                               (56, 3, 13, 'title56', 'content56', 112, NOW(), NOW()),
                                                                                               (57, 2, 0, 'title57', 'content57', 248, NOW(), NOW()),
                                                                                               (58, 3, 1, 'title58', 'content58', 52, NOW(), NOW()),
                                                                                               (59, 1, 2, 'title59', 'content59', 120, NOW(), NOW()),
                                                                                               (60, 3, 3, 'title60', 'content60', 142, NOW(), NOW()),
                                                                                               (61, 3, 4, 'title61', 'content61', 79, NOW(), NOW()),
                                                                                               (62, 3, 5, 'title62', 'content62', 39, NOW(), NOW()),
                                                                                               (63, 2, 6, 'title63', 'content63', 336, NOW(), NOW()),
                                                                                               (64, 1, 7, 'title64', 'content64', 8, NOW(), NOW()),
                                                                                               (65, 3, 8, 'title65', 'content65', 12, NOW(), NOW()),
                                                                                               (66, 2, 9, 'title66', 'content66', 229, NOW(), NOW()),
                                                                                               (67, 2, 10, 'title67', 'content67', 44, NOW(), NOW()),
                                                                                               (68, 2, 11, 'title68', 'content68', 290, NOW(), NOW()),
                                                                                               (69, 3, 12, 'title69', 'content69', 16, NOW(), NOW()),
                                                                                               (70, 1, 13, 'title70', 'content70', 53, NOW(), NOW()),
                                                                                               (71, 1, 0, 'title71', 'content71', 131, NOW(), NOW()),
                                                                                               (72, 2, 1, 'title72', 'content72', 1, NOW(), NOW()),
                                                                                               (73, 1, 2, 'title73', 'content73', 276, NOW(), NOW()),
                                                                                               (74, 3, 3, 'title74', 'content74', 10, NOW(), NOW()),
                                                                                               (75, 1, 4, 'title75', 'content75', 10, NOW(), NOW()),
                                                                                               (76, 2, 5, 'title76', 'content76', 76, NOW(), NOW()),
                                                                                               (77, 2, 6, 'title77', 'content77', 7, NOW(), NOW()),
                                                                                               (78, 2, 7, 'title78', 'content78', 154, NOW(), NOW()),
                                                                                               (79, 3, 8, 'title79', 'content79', 1, NOW(), NOW()),
                                                                                               (80, 1, 9, 'title80', 'content80', 3, NOW(), NOW()),
                                                                                               (81, 1, 10, 'title81', 'content81', 127, NOW(), NOW()),
                                                                                               (82, 1, 11, 'title82', 'content82', 6, NOW(), NOW()),
                                                                                               (83, 2, 12, 'title83', 'content83', 56, NOW(), NOW()),
                                                                                               (84, 1, 13, 'title84', 'content84', 2, NOW(), NOW()),
                                                                                               (85, 1, 0, 'title85', 'content85', 69, NOW(), NOW()),
                                                                                               (86, 1, 1, 'title86', 'content86', 3, NOW(), NOW()),
                                                                                               (87, 2, 2, 'title87', 'content87', 199, NOW(), NOW()),
                                                                                               (88, 2, 3, 'title88', 'content88', 21, NOW(), NOW()),
                                                                                               (89, 1, 4, 'title89', 'content89', 13, NOW(), NOW()),
                                                                                               (90, 3, 5, 'title90', 'content90', 188, NOW(), NOW()),
                                                                                               (91, 1, 6, 'title91', 'content91', 86, NOW(), NOW()),
                                                                                               (92, 1, 7, 'title92', 'content92', 110, NOW(), NOW()),
                                                                                               (93, 1, 8, 'title93', 'content93', 121, NOW(), NOW()),
                                                                                               (94, 2, 9, 'title94', 'content94', 326, NOW(), NOW()),
                                                                                               (95, 2, 10, 'title95', 'content95', 723, NOW(), NOW()),
                                                                                               (96, 2, 11, 'title96', 'content96', 22, NOW(), NOW()),
                                                                                               (97, 3, 12, 'title97', 'content97', 56, NOW(), NOW()),
                                                                                               (98, 2, 13, 'title98', 'content98', 40, NOW(), NOW()),
                                                                                               (99, 1, 1, 'title99', 'content99', 518, NOW(), NOW()),
                                                                                               (100, 1, 2, 'title100', 'content100', 72, NOW(), NOW()),
                                                                                               (101, 1, 3, 'title101', 'content101', 31, NOW(), NOW());

INSERT INTO posts(writer, category_id, title, content, views, create_at, update_at) VALUES (1, 5, 'abced', 'efghi', 111, NOW(), NOW()),
                                                                                           (2, 2, 'fbgfbsfdga', 'rethgbbvxcvad', 111, NOW(), NOW()),
                                                                                           (3, 0, 'pqoalksdlkvzcxmn', 'rfkabjglkswfjthlkjzcvblawdf', 111, NOW(), NOW()),
                                                                                           (2, 13, 'qweklnzxcfbmnh', 'nhonpogipwfd', 111, NOW(), NOW()),
                                                                                           (1, 8, 'poivkxcvhoknlkcx', 'foblkvjlbkabcfldk', 111, NOW(), NOW());